time_ms,cpu_usage,active_workers,completed
0,0,0,0
10,10,1,0
21,10,1,0
31,20,2,0
41,30,3,0
51,30,3,0
62,40,4,0
72,40,4,0
82,50,5,0
92,50,5,0
103,60,6,0
113,60,6,0
123,70,7,0
133,70,7,0
144,70,7,0
156,70,7,0
166,70,7,0
176,70,7,0
186,70,7,0
196,70,7,0
206,95,7,1
217,95,7,1
227,95,7,2
237,95,7,2
247,95,7,3
257,95,7,3
267,85,6,4
278,85,6,4
288,75,5,5
298,75,5,5
308,100,5,6
318,100,5,6
329,100,5,7
339,100,5,7
349,100,5,7
360,100,5,7
370,100,5,7
380,100,5,7
390,100,5,7
401,100,5,7
411,95,7,8
421,95,7,8
431,95,7,9
441,85,6,10
452,95,7,10
462,95,7,10
472,95,7,10
482,95,7,10
493,95,7,10
503,60,6,11
513,80,8,11
523,80,8,12
534,80,8,12
544,80,8,12
554,80,8,12
564,80,8,12
575,80,8,12
585,80,8,12
595,80,8,12
605,95,7,15
615,95,7,15
626,95,7,16
636,95,7,16
646,95,7,17
656,95,7,17
666,95,7,17
677,95,7,17
687,95,7,17
697,95,7,17
707,95,7,19
717,95,7,19
728,95,7,20
738,95,7,20
748,95,7,20
758,95,7,20
768,95,7,20
779,95,7,20
789,95,7,20
799,95,7,20
809,80,8,22
820,80,8,22
830,80,8,23
840,80,8,23
851,70,7,24
861,70,7,24
871,70,7,24
881,70,7,24
891,70,7,24
902,70,7,24
912,85,6,26
922,85,6,26
933,75,5,27
943,75,5,27
953,75,5,27
964,75,5,27
974,75,5,27
984,75,5,27
995,75,5,27
1007,90,4,29
1018,80,3,30
1029,70,2,31
1039,70,2,31
1049,70,2,31
1059,70,2,31
1070,70,2,31
1080,70,2,31
1090,70,2,31
1100,70,2,31
1110,100,5,32
1121,100,5,32
1131,100,5,32
1141,100,5,32
1151,100,5,32
1161,100,5,32
1172,100,5,32
1182,100,5,32
1192,100,5,32
1202,100,5,32
1212,95,7,33
1223,95,7,33
1233,95,7,33
1243,95,7,33
1254,95,7,33
1264,95,7,33
1274,95,7,33
1285,95,7,33
1295,95,7,33
1305,95,7,33
1315,95,7,37
1326,95,7,37
1336,95,7,37
1346,95,7,37
1356,95,7,37
1367,95,7,37
1377,95,7,37
1388,95,7,37
1398,95,7,37
1408,85,6,40
1418,95,7,40
1428,95,7,40
1439,95,7,40
1449,95,7,40
1459,95,7,40
1470,95,7,40
1480,95,7,40
1490,95,7,40
1501,95,7,40
1511,65,4,44
1521,100,5,44
1531,100,5,44
1542,100,5,44
1552,100,5,44
1562,100,5,44
1572,100,5,44
1582,100,5,44
1593,100,5,44
1603,100,5,44
1613,90,4,47
1624,90,4,47
1634,90,4,47
1644,90,4,47
1654,90,4,47
1665,90,4,47
1675,90,4,47
1685,90,4,47
1696,90,4,47
1706,90,4,47
1717,95,7,49
1727,95,7,49
1738,95,7,49
1748,95,7,49
1759,95,7,49
1769,95,7,49
1779,95,7,49
1789,95,7,49
1800,95,7,49
1811,95,7,51
1821,95,7,51
1831,95,7,51
1842,95,7,51
1853,95,7,51
1863,95,7,51
1874,95,7,51
1886,95,7,51
1897,95,7,51
1907,95,7,51
1917,95,7,56
1928,95,7,56
1938,95,7,56
1948,95,7,56
1958,95,7,56
1969,95,7,56
1981,95,7,56
1992,95,7,56
2002,95,7,56
2014,95,7,58
2024,95,7,58
2036,95,7,58
2046,95,7,58
2056,95,7,58
2067,95,7,58
2077,95,7,58
2087,95,7,58
2098,95,7,58
2108,95,7,58
2118,80,8,63
2129,80,8,63
2139,80,8,63
2149,80,8,63
2159,80,8,63
2170,80,8,63
2180,80,8,63
2190,80,8,63
2200,80,8,63
2210,70,7,65
2221,70,7,65
2231,70,7,65
2241,70,7,65
2252,70,7,65
2262,70,7,65
2272,70,7,65
2282,70,7,65
2292,70,7,65
2303,70,7,65
2313,95,7,67
2323,75,5,71
2333,75,5,71
2344,75,5,71
2354,75,5,71
2364,75,5,71
2374,75,5,71
2384,75,5,71
2395,75,5,71
2405,75,5,71
2415,100,5,72
2425,100,5,72
2436,100,5,72
2446,100,5,72
2456,100,5,72
2467,100,5,72
2477,100,5,72
2487,100,5,72
2497,100,5,72
2508,100,5,72
2518,95,7,76
2528,95,7,76
2538,95,7,76
2548,95,7,76
2559,95,7,76
2569,95,7,76
2579,95,7,76
2589,95,7,76
2599,95,7,76
2610,95,7,76
2620,80,8,77
2630,80,8,77
2640,80,8,77
2650,80,8,77
2661,80,8,77
2671,80,8,77
2681,80,8,77
2692,80,8,77
2702,80,8,77
2712,80,8,78
2722,95,7,83
2733,95,7,83
2743,95,7,83
2754,95,7,83
2764,95,7,83
2774,95,7,83
2785,95,7,83
2795,95,7,83
2805,95,7,83
2815,85,6,85
2826,85,6,85
2836,85,6,85
2846,85,6,85
2857,85,6,85
2867,85,6,85
2877,85,6,85
2888,85,6,85
2898,85,6,85
2908,85,6,85
2918,75,5,90
2928,95,7,90
2938,95,7,90
2949,95,7,90
2959,95,7,90
2969,95,7,90
2980,95,7,90
2990,95,7,90
3000,95,7,90
3010,95,7,90
3021,95,7,91
3031,95,7,91
3041,95,7,91
3051,95,7,91
3061,95,7,91
3072,95,7,91
3082,95,7,91
3092,95,7,91
3103,95,7,91
3113,95,7,91
3123,75,5,97
3133,75,5,97
3144,75,5,97
3154,75,5,97
3164,75,5,97
3174,75,5,97
3185,75,5,97
3195,75,5,97
3205,75,5,97
3215,100,5,98
3225,100,5,98
3236,100,5,98
3246,100,5,98
3256,100,5,98
3266,100,5,98
3277,100,5,98
3287,100,5,98
3297,100,5,98
3307,100,5,98
3318,65,4,101
3328,100,5,102
3338,100,5,102
3348,100,5,102
3358,100,5,102
3368,100,5,102
3379,100,5,102
3389,100,5,102
3399,100,5,102
3409,100,5,102
3419,95,7,103
3429,95,7,103
3440,95,7,103
3450,95,7,103
3460,95,7,103
3470,95,7,103
3480,95,7,103
3491,95,7,103
3501,95,7,103
3512,95,7,103
3522,95,7,107
3532,95,7,107
3542,95,7,107
3552,95,7,107
3563,95,7,107
3573,95,7,107
3584,95,7,107
3594,95,7,107
3604,95,7,107
3614,85,6,109
3625,95,7,110
3635,95,7,110
3645,95,7,110
3655,95,7,110
3666,95,7,110
3676,95,7,110
3687,95,7,110
3697,95,7,110
3707,95,7,110
3717,85,6,111
3728,75,5,114
3738,75,5,114
3748,75,5,114
3758,75,5,114
3769,75,5,114
3779,75,5,114
3789,75,5,114
3799,75,5,114
3810,75,5,114
3820,90,4,117
3830,90,4,117
3841,90,4,117
3851,90,4,117
3861,90,4,117
3871,90,4,117
3881,90,4,117
3892,90,4,117
3902,90,4,117
3912,90,4,117
3922,80,3,119
3933,80,3,119
3943,80,3,119
3953,80,3,119
3964,80,3,119
3974,80,3,119
3984,80,3,119
3994,80,3,119
4005,80,3,119
4015,80,3,120
4026,80,3,121
4037,80,3,121
4048,80,3,121
4058,80,3,121
4068,80,3,121
4079,80,3,121
4089,80,3,121
4099,80,3,121
4110,80,3,121
4120,80,3,121
4130,80,3,122
4141,80,3,122
4151,80,3,122
4161,80,3,122
4171,80,3,122
4182,80,3,122
4192,80,3,122
4202,80,3,122
4212,80,3,122
4223,100,5,124
4233,100,5,124
4243,100,5,124
4254,100,5,124
4264,100,5,124
4274,100,5,124
4284,100,5,124
4295,100,5,124
4305,100,5,124
4315,100,5,124
4325,95,7,125
4335,95,7,125
4346,95,7,125
4356,95,7,125
4366,95,7,125
4376,95,7,125
4386,95,7,125
4397,95,7,125
4407,95,7,125
4417,70,7,127
4428,95,7,129
4438,95,7,129
4448,95,7,129
4459,95,7,129
4469,95,7,129
4479,95,7,129
4489,95,7,129
4500,95,7,129
4510,95,7,129
4520,95,7,129
4530,95,7,132
4541,95,7,132
4551,95,7,132
4561,95,7,132
4571,95,7,132
4582,95,7,132
4592,95,7,132
4602,95,7,132
4613,95,7,132
4623,80,8,136
4633,80,8,136
4643,80,8,136
4654,80,8,136
4664,80,8,136
4674,80,8,136
4684,80,8,136
4695,80,8,136
4705,80,8,136
4715,80,8,136
4725,70,7,139
4737,80,8,139
4747,80,8,139
4757,80,8,139
4767,80,8,139
4777,80,8,139
4788,80,8,139
4798,80,8,139
4808,80,8,139
4819,70,7,142
4829,70,7,144
4839,70,7,144
4849,70,7,144
4860,70,7,144
4870,70,7,144
4880,70,7,144
4891,70,7,144
4901,70,7,144
4911,70,7,144
4921,70,7,144
4931,95,7,147
4941,95,7,147
4951,95,7,147
4962,95,7,147
4972,95,7,147
4982,95,7,147
4993,95,7,147
5003,95,7,147
5013,95,7,147
5023,95,7,151
5034,95,7,151
5044,95,7,151
5054,95,7,151
5065,95,7,151
5075,95,7,151
5085,95,7,151
5095,95,7,151
5105,95,7,151
5116,95,7,151
5126,60,6,153
5136,80,8,154
5146,80,8,154
5156,80,8,154
5167,80,8,154
5177,80,8,154
5187,80,8,154
5197,80,8,154
5208,80,8,154
5218,70,7,155
5228,95,7,158
5239,95,7,158
5249,95,7,158
5259,95,7,158
5269,95,7,158
5280,95,7,158
5290,95,7,158
5300,95,7,158
5311,95,7,158
5321,95,7,158
5331,95,7,162
5341,95,7,162
5352,95,7,162
5362,95,7,162
5372,95,7,162
5382,95,7,162
5393,95,7,162
5403,95,7,162
5413,95,7,162
5423,95,7,165
5433,95,7,165
5445,95,7,165
5455,95,7,165
5465,95,7,165
5475,95,7,165
5486,95,7,165
5496,95,7,165
5506,95,7,165
5516,95,7,165
5527,95,7,167
5537,85,6,169
5547,85,6,169
5558,85,6,169
5568,85,6,169
5578,85,6,169
5588,85,6,169
5599,85,6,169
5611,85,6,169
5621,50,5,170
5631,100,5,172
5641,100,5,172
5651,100,5,172
5661,100,5,172
5672,100,5,172
5682,100,5,172
5692,100,5,172
5702,100,5,172
5712,100,5,172
5722,100,5,172
5733,90,4,175
5743,90,4,175
5753,90,4,175
5764,90,4,175
5774,90,4,175
5785,90,4,175
5795,90,4,175
5805,90,4,175
5815,90,4,175
5826,85,6,177
5836,95,7,177
5846,95,7,177
5856,95,7,177
5866,95,7,177
5877,95,7,177
5887,95,7,177
5897,95,7,177
5907,95,7,177
5917,95,7,177
5928,85,6,179
5938,85,6,179
5948,85,6,179
5958,85,6,179
5969,85,6,179
5979,85,6,179
5990,85,6,179
6000,85,6,179
6010,85,6,179
6020,85,6,179
6031,95,7,184
6041,95,7,184
6051,95,7,184
6061,95,7,184
6073,95,7,184
6086,95,7,184
6097,95,7,184
6109,95,7,184
6119,95,7,184
6129,95,7,185
6140,95,7,185
6150,95,7,185
6160,95,7,185
6170,95,7,185
6180,95,7,185
6191,95,7,185
6201,95,7,185
6211,95,7,185
6221,95,7,185
6231,95,7,191
6242,95,7,191
6252,95,7,191
6262,95,7,191
6273,95,7,191
6283,95,7,191
6293,95,7,191
6303,95,7,191
6314,95,7,191
6324,95,7,191
6334,95,7,192
6344,95,7,192
6355,95,7,192
6365,95,7,192
6375,95,7,192
6385,95,7,192
6396,95,7,192
6406,95,7,192
6416,95,7,192
6426,65,4,195
6437,100,5,198
6447,100,5,198
6457,100,5,198
6468,100,5,198
6478,100,5,198
6488,100,5,198
6498,100,5,198
6509,100,5,198
6519,100,5,198
6529,100,5,199
6539,100,5,199
6550,100,5,199
6560,100,5,199
6570,100,5,199
6580,100,5,199
6590,100,5,199
6600,100,5,199
6610,100,5,199
6621,100,5,199
6631,40,4,201
6641,85,6,203
6651,85,6,203
6662,85,6,203
6672,85,6,203
6682,85,6,203
6693,85,6,203
6703,85,6,203
6713,85,6,203
6723,85,6,203
6734,75,5,204
6744,75,5,204
6754,75,5,204
6764,75,5,204
6774,75,5,204
6784,75,5,204
6795,75,5,204
6805,75,5,204
6816,75,5,204
6826,75,5,204
6836,75,5,209
6846,95,7,209
6856,95,7,209
6867,95,7,209
6877,95,7,209
6887,95,7,209
6897,95,7,209
6908,95,7,209
6918,95,7,209
6928,95,7,209
6939,95,7,209
6949,95,7,209
6959,95,7,209
6970,95,7,209
6980,95,7,209
6990,95,7,209
7000,95,7,209
7010,95,7,209
7021,95,7,209
7031,80,8,210
7041,100,5,216
7052,100,5,216
7062,100,5,216
7072,100,5,216
7083,100,5,216
7093,100,5,216
7103,100,5,216
7113,100,5,216
7123,100,5,216
7133,100,5,216
7144,100,5,216
7154,100,5,216
7164,100,5,216
7174,100,5,216
7184,100,5,216
7194,100,5,216
7205,100,5,216
7215,100,5,216
7225,100,5,216
7235,75,5,219
7246,95,7,221
7256,95,7,221
7266,95,7,221
7277,95,7,221
7287,95,7,221
7297,95,7,221
7307,95,7,221
7317,95,7,221
7327,95,7,221
7338,95,7,221
7348,95,7,221
7358,95,7,221
7368,95,7,221
7379,95,7,221
7389,95,7,221
7399,95,7,221
7409,95,7,221
7420,95,7,221
7430,95,7,221
7440,75,5,228
7450,75,5,228
7461,75,5,228
7471,75,5,228
7481,75,5,228
7492,75,5,228
7502,75,5,228
7512,75,5,228
7522,75,5,228
7532,75,5,228
7543,75,5,228
7553,75,5,228
7563,75,5,228
7573,75,5,228
7584,75,5,228
7594,75,5,228
7604,75,5,228
7614,75,5,228
7625,75,5,228
7635,40,4,229
7645,95,7,233
7655,95,7,233
7666,95,7,233
7676,95,7,233
7686,95,7,233
7696,95,7,233
7706,95,7,233
7717,95,7,233
7727,95,7,233
7737,95,7,233
7747,95,7,233
7757,95,7,233
7768,95,7,233
7778,95,7,233
7788,95,7,233
7798,95,7,233
7809,95,7,233
7819,95,7,233
7829,95,7,233
7839,70,7,237
7849,95,7,240
7860,95,7,240
7870,95,7,240
7880,95,7,240
7891,95,7,240
7901,95,7,240
7914,95,7,240
7924,95,7,240
7934,95,7,240
7944,95,7,240
7955,95,7,240
7965,95,7,240
7975,95,7,240
7985,95,7,240
7995,95,7,240
8006,95,7,240
8016,95,7,240
8026,95,7,240
8036,85,6,241
8046,95,7,247
8057,95,7,247
8067,95,7,247
8077,95,7,247
8087,95,7,247
8098,95,7,247
8108,95,7,247
8119,95,7,247
8131,95,7,247
8141,95,7,247
8152,95,7,247
8163,95,7,247
8173,95,7,247
8183,95,7,247
8193,95,7,247
8204,95,7,247
8214,95,7,247
8224,95,7,247
8234,95,7,247
8244,75,5,252
8255,95,7,254
8265,95,7,254
8276,95,7,254
8286,95,7,254
8296,95,7,254
8306,95,7,254
8317,95,7,254
8327,95,7,254
8337,95,7,254
8347,95,7,254
8358,95,7,254
8368,95,7,254
8378,95,7,254
8388,95,7,254
8399,95,7,254
8409,95,7,254
8419,95,7,254
8430,95,7,254
8440,60,6,255
8450,80,8,261
8460,80,8,261
8470,80,8,261
8481,80,8,261
8491,80,8,261
8501,80,8,261
8511,80,8,261
8521,80,8,261
8532,80,8,261
8542,80,8,261
8552,80,8,261
8562,80,8,261
8572,80,8,261
8582,80,8,261
8593,80,8,261
8603,80,8,261
8613,80,8,261
8623,80,8,261
8633,80,8,261
8644,70,7,264
8654,100,5,269
8664,100,5,269
8674,100,5,269
8685,100,5,269
8695,100,5,269
8705,100,5,269
8715,100,5,269
8726,100,5,269
8736,100,5,269
8746,100,5,269
8756,100,5,269
8766,100,5,269
8777,100,5,269
8787,100,5,269
8797,100,5,269
8807,100,5,269
8817,100,5,269
8828,100,5,269
8838,100,5,269
8848,90,4,273
8858,75,5,274
8869,75,5,274
8879,75,5,274
8890,75,5,274
8900,75,5,274
8910,75,5,274
8920,75,5,274
8930,75,5,274
8941,75,5,274
8951,75,5,274
8961,75,5,274
8971,75,5,274
8981,75,5,274
8992,75,5,274
9002,75,5,274
9012,75,5,274
9022,75,5,274
9032,75,5,274
9042,100,5,275
9053,85,6,279
9063,95,7,279
9073,95,7,279
9083,95,7,279
9093,95,7,279
9104,95,7,279
9114,95,7,279
9124,95,7,279
9134,95,7,279
9144,95,7,279
9154,95,7,279
9165,95,7,279
9175,95,7,279
9185,95,7,279
9195,95,7,279
9205,95,7,279
9215,95,7,279
9226,95,7,279
9236,95,7,279
9246,80,8,280
9256,95,7,286
9267,95,7,286
9277,95,7,286
9287,95,7,286
9297,95,7,286
9308,95,7,286
9318,95,7,286
9328,95,7,286
9339,95,7,286
9349,95,7,286
9359,95,7,286
9369,95,7,286
9379,95,7,286
9390,95,7,286
9400,95,7,286
9410,95,7,286
9420,95,7,286
9431,95,7,286
9441,95,7,286
9451,95,7,291
9461,75,5,293
9472,75,5,293
9482,75,5,293
9492,75,5,293
9502,75,5,293
9513,75,5,293
9523,75,5,293
9533,75,5,293
9543,75,5,293
9553,75,5,293
9564,75,5,293
9574,75,5,293
9584,75,5,293
9595,75,5,293
9605,75,5,293
9615,75,5,293
9625,75,5,293
9636,75,5,293
9646,100,5,295
9656,100,5,298
9667,100,5,298
9677,100,5,298
9687,100,5,298
9697,100,5,298
9708,100,5,298
9718,100,5,298
9728,100,5,298
9738,100,5,298
9749,100,5,298
9759,100,5,298
9770,100,5,298
9780,100,5,298
9790,100,5,298
9800,100,5,298
9811,100,5,298
9821,100,5,298
9831,100,5,298
9842,100,5,298
9852,100,5,302
9862,100,5,303
9872,100,5,303
9883,100,5,303
9893,100,5,303
9903,100,5,303
9914,100,5,303
9924,100,5,303
9934,100,5,303
9944,100,5,303
9955,100,5,303
9965,100,5,303
9975,100,5,303
9986,100,5,303
9996,100,5,303
10006,100,5,303
10017,100,5,303
10027,100,5,303
10037,100,5,303
10047,95,7,305
10058,80,8,308
10068,80,8,308
10078,80,8,308
10088,80,8,308
10099,80,8,308
10109,80,8,308
10119,80,8,308
10130,80,8,308
10140,80,8,308
10150,80,8,308
10160,80,8,308
10172,80,8,308
10183,80,8,308
10194,80,8,308
10204,80,8,308
10214,80,8,308
10225,80,8,308
10235,80,8,308
10245,95,7,310
10256,100,5,316
10266,100,5,316
10276,100,5,316
10286,100,5,316
10297,100,5,316
10307,100,5,316
10317,100,5,316
10327,100,5,316
10338,100,5,316
10348,100,5,316
10358,100,5,316
10368,100,5,316
10379,100,5,316
10389,100,5,316
10399,100,5,316
10410,100,5,316
10420,100,5,316
10430,100,5,316
10440,100,5,316
10450,85,6,320
10460,80,8,321
10471,80,8,321
10481,80,8,321
10491,80,8,321
10501,80,8,321
10512,80,8,321
10522,80,8,321
10532,80,8,321
10542,80,8,321
10552,80,8,321
10562,80,8,321
10573,80,8,321
10583,80,8,321
10593,80,8,321
10604,80,8,321
10614,80,8,321
10624,80,8,321
10634,80,8,321
10644,80,8,321
10655,70,7,328
10665,95,7,329
10676,95,7,329
10686,95,7,329
10696,95,7,329
10707,95,7,329
10717,95,7,329
10727,95,7,329
10737,95,7,329
10747,95,7,329
10758,95,7,329
10768,95,7,329
10779,95,7,329
10789,95,7,329
10799,95,7,329
10810,95,7,329
10820,95,7,329
10830,95,7,329
10840,95,7,329
10851,100,5,334
10861,90,4,336
10871,90,4,336
10882,90,4,336
10892,90,4,336
10902,90,4,336
10912,90,4,336
10922,90,4,336
10933,90,4,336
10943,90,4,336
10953,90,4,336
10963,90,4,336
10973,90,4,336
10984,90,4,336
10995,90,4,336
11006,90,4,336
11016,90,4,336
11026,90,4,336
11037,90,4,336
11047,80,3,337
11057,55,3,340
11067,100,5,340
11078,100,5,340
11088,100,5,340
11098,100,5,340
11108,100,5,340
11118,100,5,340
11129,100,5,340
11139,100,5,340
11149,100,5,340
11159,100,5,340
11169,100,5,340
11180,100,5,340
11190,100,5,340
11200,100,5,340
11210,100,5,340
11220,100,5,340
11231,100,5,340
11241,100,5,340
11251,65,4,341
11261,80,8,345
11272,80,8,345
11282,80,8,345
11292,80,8,345
11302,80,8,345
11312,80,8,345
11323,80,8,345
11333,80,8,345
11343,80,8,345
11353,80,8,345
11364,80,8,345
11374,80,8,345
11384,80,8,345
11394,80,8,345
11404,80,8,345
11415,80,8,345
11425,80,8,345
11435,80,8,345
11445,80,8,345
11456,95,7,349
11466,95,7,353
11476,95,7,353
11486,95,7,353
11496,95,7,353
11507,95,7,353
11517,95,7,353
11527,95,7,353
11537,95,7,353
11548,95,7,353
11558,95,7,353
11568,95,7,353
11578,95,7,353
11588,95,7,353
11598,95,7,353
11609,95,7,353
11619,95,7,353
11629,95,7,353
11639,95,7,353
11650,95,7,353
11660,85,6,357
11670,100,5,360
11680,100,5,360
11691,100,5,360
11701,100,5,360
11711,100,5,360
11722,100,5,360
11732,100,5,360
11742,100,5,360
11753,100,5,360
11763,100,5,360
11773,100,5,360
11783,100,5,360
11793,100,5,360
11804,100,5,360
11814,100,5,360
11824,100,5,360
11835,100,5,360
11845,100,5,360
11855,90,4,361
11865,95,7,365
11875,95,7,365
11885,95,7,365
11896,95,7,365
11906,95,7,365
11916,95,7,365
11927,95,7,365
11937,95,7,365
11948,95,7,365
11958,95,7,365
11968,95,7,365
11979,95,7,365
11990,95,7,365
12000,95,7,365
12011,95,7,365
12022,95,7,365
12033,95,7,365
12044,95,7,365
12054,95,7,365
12064,50,5,371
12075,70,7,372
12085,70,7,372
12095,70,7,372
12105,70,7,372
12116,70,7,372
12126,70,7,372
12136,70,7,372
12146,70,7,372
12157,70,7,372
12167,70,7,372
12177,70,7,372
12187,70,7,372
12197,70,7,372
12207,70,7,372
12218,70,7,372
12232,70,7,372
12243,70,7,372
12254,70,7,372
12265,75,5,376
12275,100,5,379
12286,100,5,379
12296,100,5,379
12306,100,5,379
12316,100,5,379
12326,100,5,379
12337,100,5,379
12347,100,5,379
12357,100,5,379
12367,100,5,379
12378,100,5,379
12388,100,5,379
12398,100,5,379
12408,100,5,379
12419,100,5,379
12429,100,5,379
12439,100,5,379
12449,100,5,379
12459,75,5,381
12469,95,7,384
12480,95,7,384
12490,95,7,384
12500,95,7,384
12510,95,7,384
12520,95,7,384
12531,95,7,384
12541,95,7,384
12551,95,7,384
12561,95,7,384
12571,95,7,384
12581,95,7,384
12592,95,7,384
12602,95,7,384
12612,95,7,384
12622,95,7,384
12633,95,7,384
12643,95,7,384
12653,95,7,384
12663,100,5,388
12673,100,5,391
12684,100,5,391
12694,100,5,391
12704,100,5,391
12715,100,5,391
12725,100,5,391
12735,100,5,391
12746,100,5,391
12756,100,5,391
12766,100,5,391
12776,100,5,391
12787,100,5,391
12797,100,5,391
12807,100,5,391
12817,100,5,391
12828,100,5,391
12838,100,5,391
12848,100,5,391
12858,100,5,391
12868,100,5,393
12879,100,5,396
12889,100,5,396
12900,100,5,396
12910,100,5,396
12921,100,5,396
12931,100,5,396
12941,100,5,396
12952,100,5,396
12962,100,5,396
12972,100,5,396
12982,100,5,396
12992,100,5,396
13003,100,5,396
13013,100,5,396
13023,100,5,396
13033,100,5,396
13044,100,5,396
13054,100,5,396
13064,75,5,398
13074,80,8,401
13085,80,8,401
13095,80,8,401
13105,80,8,401
13115,80,8,401
13126,80,8,401
13136,80,8,401
13146,80,8,401
13156,80,8,401
13166,80,8,401
13177,80,8,401
13187,80,8,401
13197,80,8,401
13207,80,8,401
13218,80,8,401
13228,80,8,401
13238,80,8,401
13248,80,8,401
13259,80,8,401
13269,95,7,405
13279,85,6,409
13289,85,6,409
13299,85,6,409
13310,85,6,409
13320,85,6,409
13330,85,6,409
13340,85,6,409
13350,85,6,409
13361,85,6,409
13371,85,6,409
13381,85,6,409
13391,85,6,409
13402,85,6,409
13412,85,6,409
13422,85,6,409
13432,85,6,409
13443,85,6,409
13453,85,6,409
13463,85,6,409
13474,95,7,414
13484,95,7,415
13494,95,7,415
13504,95,7,415
13515,95,7,415
13525,95,7,415
13535,95,7,415
13545,95,7,415
13555,95,7,415
13566,95,7,415
13576,95,7,415
13586,95,7,415
13597,95,7,415
13607,95,7,415
13617,95,7,415
13627,95,7,415
13638,95,7,415
13648,95,7,415
13658,95,7,415
13668,85,6,419
13678,100,5,422
13689,100,5,422
13699,100,5,422
13709,100,5,422
13719,100,5,422
13729,100,5,422
13739,100,5,422
13750,100,5,422
13760,100,5,422
13770,100,5,422
13780,100,5,422
13791,100,5,422
13801,100,5,422
13811,100,5,422
13821,100,5,422
13831,100,5,422
13842,100,5,422
13852,100,5,422
13862,100,5,422
13872,100,5,425
13883,95,7,427
13893,95,7,427
13903,95,7,427
13913,95,7,427
13923,95,7,427
13934,95,7,427
13944,95,7,427
13954,95,7,427
13964,95,7,427
13974,95,7,427
13985,95,7,427
13995,95,7,427
14005,95,7,427
14015,95,7,427
14026,95,7,427
14036,95,7,427
14046,95,7,427
14056,95,7,427
14066,95,7,427
14077,70,7,432
14087,80,8,434
14097,80,8,434
14107,80,8,434
14118,80,8,434
14128,80,8,434
14138,80,8,434
14148,80,8,434
14158,80,8,434
14168,80,8,434
14179,80,8,434
14189,80,8,434
14199,80,8,434
14209,80,8,434
14220,80,8,434
14230,80,8,434
14240,80,8,434
14250,80,8,434
14261,80,8,434
14272,75,5,438
14282,85,6,442
14292,95,7,442
14304,95,7,442
14315,95,7,442
14325,95,7,442
14335,95,7,442
14345,95,7,442
14356,95,7,442
14366,95,7,442
14376,95,7,442
14386,95,7,442
14397,95,7,442
14407,95,7,442
14417,95,7,442
14427,95,7,442
14437,95,7,442
14448,95,7,442
14458,95,7,442
14468,95,7,442
14479,70,7,447
14489,95,7,449
14499,95,7,449
14509,95,7,449
14519,95,7,449
14530,95,7,449
14540,95,7,449
14550,95,7,449
14560,95,7,449
14571,95,7,449
14581,95,7,449
14591,95,7,449
14601,95,7,449
14611,95,7,449
14622,95,7,449
14632,95,7,449
14642,95,7,449
14652,95,7,449
14662,95,7,449
14673,75,5,451
14683,65,4,456
14693,95,7,456
14703,95,7,456
14714,95,7,456
14724,95,7,456
14734,95,7,456
14744,95,7,456
14754,95,7,456
14765,95,7,456
14775,95,7,456
14785,95,7,456
14795,95,7,456
14806,95,7,456
14816,95,7,456
14826,95,7,456
14837,95,7,456
14847,95,7,456
14857,95,7,456
14867,95,7,456
14878,95,7,458
14888,95,7,463
14898,95,7,463
14909,95,7,463
14919,95,7,463
14929,95,7,463
14939,95,7,463
14950,95,7,463
14960,95,7,463
14970,95,7,463
14980,95,7,463
14991,95,7,463
15001,95,7,463
15011,95,7,463
15021,95,7,463
15031,95,7,463
15041,95,7,463
15052,95,7,463
15062,95,7,463
15072,95,7,463
15082,95,7,466
15092,75,5,470
15102,75,5,470
15113,75,5,470
15123,75,5,470
15133,75,5,470
15143,75,5,470
15153,75,5,470
15163,75,5,470
15174,75,5,470
15184,75,5,470
15194,75,5,470
15204,75,5,470
15214,75,5,470
15225,75,5,470
15235,75,5,470
15245,75,5,470
15255,75,5,470
15265,75,5,470
15275,100,5,471
15286,85,6,475
15296,85,6,475
15306,85,6,475
15316,85,6,475
15327,85,6,475
15337,85,6,475
15347,85,6,475
15357,85,6,475
15368,85,6,475
15378,85,6,475
15388,85,6,475
15398,85,6,475
15408,85,6,475
15419,85,6,475
15429,85,6,475
15439,85,6,475
15449,85,6,475
15460,85,6,475
15470,85,6,475
15480,90,4,480
15490,80,3,481
15501,80,3,481
15511,80,3,481
15521,80,3,481
15531,80,3,481
15541,80,3,481
15552,80,3,481
15562,80,3,481
15572,80,3,481
15582,80,3,481
15593,80,3,481
15603,80,3,481
15613,80,3,481
15623,80,3,481
15633,80,3,481
15644,80,3,481
15654,80,3,481
15665,80,3,481
15675,80,3,481
15686,65,4,484
15696,95,7,484
15707,95,7,484
15717,95,7,484
15728,95,7,484
15738,95,7,484
15749,95,7,484
15759,95,7,484
15769,95,7,484
15780,95,7,484
15791,95,7,484
15801,95,7,484
15812,95,7,484
15823,95,7,484
15833,95,7,484
15844,95,7,484
15854,95,7,484
15867,95,7,484
15878,60,6,485
15888,100,5,489
15898,100,5,491
15909,100,5,491
15919,100,5,491
15929,100,5,491
15939,100,5,491
15950,100,5,491
15961,100,5,491
15971,100,5,491
15981,100,5,491
15992,100,5,491
16003,100,5,491
16013,100,5,491
16023,100,5,491
16034,100,5,491
16044,100,5,491
16054,100,5,491
16064,100,5,491
16074,100,5,491
16085,95,7,493
16095,95,7,496
16105,95,7,496
16117,95,7,496
16127,95,7,496
16138,95,7,496
16148,95,7,496
16158,95,7,496
16168,95,7,496
16179,95,7,496
16189,95,7,496
16199,95,7,496
16209,95,7,496
16219,95,7,496
16230,95,7,496
16240,95,7,496
16250,95,7,496
16261,95,7,496
16271,95,7,496
16281,85,6,498
16291,75,5,503
16302,95,7,503
16312,95,7,503
16331,95,7,503
16341,95,7,503
16352,95,7,503
16363,95,7,503
16373,95,7,503
16387,95,7,503
16398,95,7,503
16408,95,7,503
16419,95,7,503
16429,95,7,503
16439,95,7,503
16449,95,7,503
16460,95,7,503
16470,95,7,503
16480,85,6,504
16491,65,4,508
16501,100,5,510
16511,100,5,510
16521,100,5,510
16531,100,5,510
16542,100,5,510
16552,100,5,510
16563,100,5,510
16573,100,5,510
16583,100,5,510
16593,100,5,510
16603,100,5,510
16614,100,5,510
16624,100,5,510
16634,100,5,510
16644,100,5,510
16654,100,5,510
16664,100,5,510
16675,100,5,510
16685,85,6,511
16695,85,6,515
16706,95,7,515
16716,95,7,515
16726,95,7,515
16736,95,7,515
16747,95,7,515
16757,95,7,515
16768,95,7,515
16778,95,7,515
16789,95,7,515
16799,95,7,515
16809,95,7,515
16819,95,7,515
16829,95,7,515
16839,95,7,515
16850,95,7,515
16860,95,7,515
16871,95,7,515
16881,95,7,515
16891,95,7,517
16901,80,8,522
16912,80,8,522
16922,80,8,522
16932,80,8,522
16942,80,8,522
16953,80,8,522
16963,80,8,522
16973,80,8,522
16983,80,8,522
16994,80,8,522
17004,80,8,522
17014,80,8,522
17024,80,8,522
17035,80,8,522
17045,80,8,522
17055,80,8,522
17066,80,8,522
17076,80,8,522
17086,60,6,524
17097,100,5,528
17107,100,5,530
17117,100,5,530
17127,100,5,530
17137,100,5,530
17147,100,5,530
17158,100,5,530
17168,100,5,530
17178,100,5,530
17188,100,5,530
17198,100,5,530
17208,100,5,530
17219,100,5,530
17229,100,5,530
17239,100,5,530
17249,100,5,530
17259,100,5,530
17269,100,5,530
17280,100,5,530
17290,85,6,531
17300,70,7,535
17310,80,8,535
17320,80,8,535
17331,80,8,535
17341,80,8,535
17351,80,8,535
17361,80,8,535
17372,80,8,535
17382,80,8,535
17392,80,8,535
17402,80,8,535
17412,80,8,535
17423,80,8,535
17433,80,8,535
17443,80,8,535
17453,80,8,535
17463,80,8,535
17473,80,8,535
17484,80,8,535
17494,80,8,538
17504,70,7,543
17514,70,7,543
17524,70,7,543
17535,70,7,543
17545,70,7,543
17555,70,7,543
17565,70,7,543
17575,70,7,543
17585,70,7,543
17595,70,7,543
17606,70,7,543
17616,70,7,543
17626,70,7,543
17636,70,7,543
17647,70,7,543
17657,70,7,543
17667,70,7,543
17677,70,7,543
17688,70,7,543
17698,95,7,547
17708,95,7,550
17718,95,7,550
17728,95,7,550
17738,95,7,550
17749,95,7,550
17759,95,7,550
17769,95,7,550
17779,95,7,550
17790,95,7,550
17800,95,7,550
17810,95,7,550
17820,95,7,550
17831,95,7,550
17841,95,7,550
17851,95,7,550
17861,95,7,550
17871,95,7,550
17882,95,7,550
17892,95,7,553
17902,85,6,557
17912,95,7,557
17922,95,7,557
17932,95,7,557
17943,95,7,557
17953,95,7,557
17963,95,7,557
17973,95,7,557
17983,95,7,557
17993,95,7,557
18004,95,7,557
18014,95,7,557
18024,95,7,557
18034,95,7,557
18044,95,7,557
18055,95,7,557
18065,95,7,557
18076,95,7,557
18086,95,7,557
18097,80,8,561
18107,95,7,564
18117,95,7,564
18127,95,7,564
18138,95,7,564
18148,95,7,564
18158,95,7,564
18168,95,7,564
18178,95,7,564
18189,95,7,564
18199,95,7,564
18209,95,7,564
18219,95,7,564
18229,95,7,564
18240,95,7,564
18250,95,7,564
18260,95,7,564
18270,95,7,564
18281,95,7,564
18291,95,7,565
18301,90,4,570
18311,75,5,571
18321,75,5,571
18332,75,5,571
18342,75,5,571
18352,75,5,571
18363,75,5,571
18373,75,5,571
18383,75,5,571
18393,75,5,571
18403,75,5,571
18413,75,5,571
18424,75,5,571
18434,75,5,571
18444,75,5,571
18455,75,5,571
18465,75,5,571
18475,75,5,571
18486,75,5,571
18496,100,5,573
18506,95,7,576
18516,95,7,576
18526,95,7,576
18537,95,7,576
18547,95,7,576
18557,95,7,576
18567,95,7,576
18577,95,7,576
18587,95,7,576
18598,95,7,576
18608,95,7,576
18618,95,7,576
18628,95,7,576
18639,95,7,576
18649,95,7,576
18659,95,7,576
18669,95,7,576
18680,95,7,576
18690,95,7,576
18700,75,5,580
18710,90,4,583
18720,90,4,583
18731,90,4,583
18741,90,4,583
18751,90,4,583
18761,90,4,583
18772,90,4,583
18782,90,4,583
18792,90,4,583
18802,90,4,583
18813,90,4,583
18823,90,4,583
18833,90,4,583
18843,90,4,583
18853,90,4,583
18864,90,4,583
18874,90,4,583
18884,90,4,583
18894,45,2,585
18905,100,5,587
18915,100,5,587
18925,100,5,587
18935,100,5,587
18945,100,5,587
18956,100,5,587
18966,100,5,587
18976,100,5,587
18986,100,5,587
18996,100,5,587
19006,100,5,587
19017,100,5,587
19027,100,5,587
19037,100,5,587
19047,100,5,587
19058,100,5,587
19068,100,5,587
19078,100,5,587
19088,100,5,587
19099,100,5,590
19109,95,7,592
19119,95,7,592
19129,95,7,592
19140,95,7,592
19150,95,7,592
19160,95,7,592
19170,95,7,592
19180,95,7,592
19191,95,7,592
19201,95,7,592
19211,95,7,592
19221,95,7,592
19232,95,7,592
19242,95,7,592
19252,95,7,592
19262,95,7,592
19273,95,7,592
19283,95,7,592
19293,95,7,592
19303,85,6,596
19313,100,5,599
19324,100,5,599
19334,100,5,599
19344,100,5,599
19355,100,5,599
19365,100,5,599
19375,100,5,599
19385,100,5,599
19395,100,5,599
19406,100,5,599
19416,100,5,599
19427,100,5,599
19437,100,5,599
19447,100,5,599
19457,100,5,599
19468,100,5,599
19478,100,5,599
19488,100,5,599
19499,100,5,601
19509,85,6,604
19519,85,6,604
19529,85,6,604
19540,85,6,604
19550,85,6,604
19560,85,6,604
19570,85,6,604
19581,85,6,604
19591,85,6,604
19601,85,6,604
19611,85,6,604
19622,85,6,604
19632,85,6,604
19642,85,6,604
19652,85,6,604
19662,85,6,604
19672,85,6,604
19683,85,6,604
19693,85,6,604
19703,90,4,609
19713,100,5,610
19723,100,5,610
19734,100,5,610
19744,100,5,610
19754,100,5,610
19764,100,5,610
19774,100,5,610
19785,100,5,610
19795,100,5,610
19805,100,5,610
19815,100,5,610
19826,100,5,610
19836,100,5,610
19846,100,5,610
19856,100,5,610
19867,100,5,610
19877,100,5,610
19887,100,5,610
19897,100,5,610
19908,100,5,613
19918,95,7,615
19928,95,7,615
19939,95,7,615
19949,95,7,615
19959,95,7,615
19969,95,7,615
19980,95,7,615
19990,95,7,615
20000,95,7,615
20011,95,7,615
20021,95,7,615
20031,95,7,615
20041,95,7,615
20052,95,7,615
20062,95,7,615
20072,95,7,615
20082,95,7,615
20093,95,7,615
20103,70,7,618
20113,80,8,622
20123,80,8,622
20134,80,8,622
20144,80,8,622
20154,80,8,622
20165,80,8,622
20175,80,8,622
20185,80,8,622
20195,80,8,622
20206,80,8,622
20216,80,8,622
20226,80,8,622
20236,80,8,622
20246,80,8,622
20257,80,8,622
20267,80,8,622
20277,80,8,622
20288,80,8,622
20298,80,8,622
20308,80,8,626
20319,95,7,630
20329,95,7,630
20339,95,7,630
20349,95,7,630
20359,95,7,630
20370,95,7,630
20380,95,7,630
20390,95,7,630
20401,95,7,630
20411,95,7,630
20421,95,7,630
20431,95,7,630
20441,95,7,630
20452,95,7,630
20462,95,7,630
20472,95,7,630
20483,95,7,630
20495,95,7,630
20506,100,5,634
20516,100,5,635
20527,95,7,637
20537,95,7,637
20547,95,7,637
20558,95,7,637
20568,95,7,637
20578,95,7,637
20588,95,7,637
20598,95,7,637
20609,95,7,637
20619,95,7,637
20629,95,7,637
20639,95,7,637
20650,95,7,637
20660,95,7,637
20670,95,7,637
20680,95,7,637
20691,95,7,637
20701,95,7,637
20711,95,7,640
20721,85,6,644
20732,95,7,644
20742,95,7,644
20752,95,7,644
20762,95,7,644
20773,95,7,644
20784,95,7,644
20794,95,7,644
20804,95,7,644
20814,95,7,644
20825,95,7,644
20835,95,7,644
20845,95,7,644
20855,95,7,644
20866,95,7,644
20876,95,7,644
20886,95,7,644
20897,95,7,644
20907,70,7,646
20917,80,8,647
20928,80,8,651
20938,80,8,651
20948,80,8,651
20958,80,8,651
20969,80,8,651
20979,80,8,651
20989,80,8,651
21003,80,8,651
21017,80,8,651
21029,80,8,651
21039,80,8,651
21050,80,8,651
21060,80,8,651
21070,80,8,651
21081,80,8,651
21091,80,8,651
21101,80,8,651
21111,80,8,654
21122,80,8,657
21132,70,7,659
21142,70,7,659
21152,70,7,659
21162,70,7,659
21173,70,7,659
21183,70,7,659
21193,70,7,659
21203,70,7,659
21213,70,7,659
21224,70,7,659
21234,70,7,659
21244,70,7,659
21254,70,7,659
21264,70,7,659
21274,70,7,659
21285,70,7,659
21295,70,7,659
21305,70,7,659
21315,100,5,663
21325,90,4,666
21335,90,4,666
21346,90,4,666
21356,90,4,666
21366,90,4,666
21376,90,4,666
21386,90,4,666
21397,90,4,666
21407,90,4,666
21417,90,4,666
21428,90,4,666
21438,90,4,666
21448,90,4,666
21458,90,4,666
21469,90,4,666
21479,90,4,666
21489,90,4,666
21499,90,4,666
21510,100,5,667
21520,85,6,668
21530,100,5,670
21540,100,5,670
21551,100,5,670
21561,100,5,670
21571,100,5,670
21582,100,5,670
21592,100,5,670
21602,100,5,670
21613,100,5,670
21623,100,5,670
21633,100,5,670
21643,100,5,670
21653,100,5,670
21664,100,5,670
21674,100,5,670
21684,100,5,670
21694,100,5,670
21705,100,5,670
21715,90,4,674
21725,85,6,675
21736,95,7,675
21746,95,7,675
21756,95,7,675
21767,95,7,675
21777,95,7,675
21787,95,7,675
21798,95,7,675
21808,95,7,675
21818,95,7,675
21828,95,7,675
21839,95,7,675
21849,95,7,675
21859,95,7,675
21869,95,7,675
21880,95,7,675
21890,95,7,675
21900,95,7,675
21911,70,7,677
21921,80,8,679
21931,85,6,682
21941,85,6,682
21951,85,6,682
21962,85,6,682
21972,85,6,682
21982,85,6,682
21993,85,6,682
22004,85,6,682
22014,85,6,682
22024,85,6,682
22035,85,6,682
22045,85,6,682
22055,85,6,682
22065,85,6,682
22076,85,6,682
22086,85,6,682
22096,85,6,682
22106,85,6,682
22116,80,3,686
22127,35,1,688
22137,100,5,688
22147,100,5,688
22158,100,5,688
22169,100,5,688
22179,100,5,688
22189,100,5,688
22199,100,5,688
22210,100,5,688
22220,100,5,688
22230,100,5,688
22240,100,5,688
22250,100,5,688
22261,100,5,688
22271,100,5,688
22281,100,5,688
22291,100,5,688
22301,100,5,688
22311,100,5,688
22322,100,5,689
22332,75,5,693
22342,95,7,693
22352,95,7,693
22363,95,7,693
22373,95,7,693
22383,95,7,693
22393,95,7,693
22404,95,7,693
22414,95,7,693
22424,95,7,693
22434,95,7,693
22444,95,7,693
22454,95,7,693
22465,95,7,693
22475,95,7,693
22485,95,7,693
22495,95,7,693
22506,95,7,693
22516,80,8,694
22526,80,8,694
22537,100,5,700
22547,100,5,700
22560,100,5,700
22570,100,5,700
22580,100,5,700
22590,100,5,700
22601,100,5,700
22611,100,5,700
22621,100,5,700
22631,100,5,700
22642,100,5,700
22652,100,5,700
22662,100,5,700
22672,100,5,700
22682,100,5,700
22692,100,5,700
22703,100,5,700
22713,90,4,701
22723,90,4,702
22733,90,4,704
22743,100,5,705
22753,100,5,705
22764,100,5,705
22774,100,5,705
22784,100,5,705
22794,100,5,705
22804,100,5,705
22814,100,5,705
22825,100,5,705
22835,100,5,705
22845,100,5,705
22855,100,5,705
22865,100,5,705
22875,100,5,705
22886,100,5,705
22896,100,5,705
22906,100,5,705
22916,100,5,706
22926,100,5,706
22936,50,5,709
22947,95,7,710
22957,95,7,710
22968,95,7,710
22978,95,7,710
22988,95,7,710
22998,95,7,710
23009,95,7,710
23019,95,7,710
23029,95,7,710
23040,95,7,710
23050,95,7,710
23060,95,7,710
23070,95,7,710
23081,95,7,710
23091,95,7,710
23101,95,7,710
23111,95,7,710
23121,95,7,711
23132,95,7,711
23142,95,7,717
23152,95,7,717
23162,95,7,717
23173,95,7,717
23183,95,7,717
23193,95,7,717
23203,95,7,717
23213,95,7,717
23224,95,7,717
23234,95,7,717
23244,95,7,717
23254,95,7,717
23265,95,7,717
23275,95,7,717
23285,95,7,717
23295,95,7,717
23305,95,7,717
23315,95,7,718
23326,95,7,718
23336,75,5,721
23346,90,4,724
23356,90,4,724
23366,90,4,724
23376,90,4,724
23387,90,4,724
23397,90,4,724
23407,90,4,724
23417,90,4,724
23427,90,4,724
23438,90,4,724
23448,90,4,724
23458,90,4,724
23468,90,4,724
23479,90,4,724
23489,90,4,724
23499,90,4,724
23509,90,4,724
23519,80,3,725
23530,80,3,725
23540,70,2,727
23550,90,4,728
23560,90,4,728
23570,90,4,728
23580,90,4,728
23591,90,4,728
23601,90,4,728
23611,90,4,728
23621,90,4,728
23631,90,4,728
23642,90,4,728
23652,90,4,728
23662,90,4,728
23672,90,4,728
23682,90,4,728
23693,90,4,728
23703,90,4,728
23713,90,4,728
23723,90,4,728
23733,90,4,728
23744,70,2,732
23754,70,2,732
23764,70,2,732
23774,70,2,732
23784,70,2,732
23795,70,2,732
23805,70,2,732
23815,70,2,732
23825,70,2,732
23836,70,2,732
23846,70,2,732
23856,70,2,732
23866,70,2,732
23876,70,2,732
23886,70,2,732
23897,70,2,732
23907,70,2,732
23917,70,2,732
23927,70,2,732
23937,70,2,732
23948,95,7,734
23958,95,7,734
23968,95,7,734
23979,95,7,734
23989,95,7,734
23999,95,7,734
24009,95,7,734
24020,95,7,734
24030,95,7,734
24040,95,7,734
24050,95,7,734
24061,95,7,734
24071,95,7,734
24081,95,7,734
24091,95,7,734
24101,95,7,734
24112,95,7,734
24122,95,7,734
24132,95,7,734
24142,60,6,737
24153,85,6,741
24163,85,6,741
24173,85,6,741
24183,85,6,741
24194,85,6,741
24204,85,6,741
24214,85,6,741
24224,85,6,741
24235,85,6,741
24245,85,6,741
24255,85,6,741
24265,85,6,741
24276,85,6,741
24286,85,6,741
24296,85,6,741
24306,85,6,741
24316,85,6,741
24327,85,6,741
24337,85,6,741
24347,70,2,747
24357,80,3,747
24368,80,3,747
24378,80,3,747
24388,80,3,747
24398,80,3,747
24409,80,3,747
24419,80,3,747
24429,80,3,747
24439,80,3,747
24450,80,3,747
24460,80,3,747
24470,80,3,747
24480,80,3,747
24491,80,3,747
24501,80,3,747
24511,80,3,747
24521,80,3,747
24532,80,3,747
24542,45,2,748
24552,95,7,750
24563,95,7,750
24573,95,7,750
24584,95,7,750
24595,95,7,750
24606,95,7,750
24616,95,7,750
24627,95,7,750
24637,95,7,750
24647,95,7,750
24657,95,7,750
24668,95,7,750
24678,95,7,750
24688,95,7,750
24698,95,7,750
24709,95,7,750
24719,95,7,750
24729,95,7,750
24740,95,7,750
24750,75,5,756
24760,100,5,757
24771,100,5,757
24781,100,5,757
24791,100,5,757
24801,100,5,757
24812,100,5,757
24822,100,5,757
24832,100,5,757
24843,100,5,757
24853,100,5,757
24863,100,5,757
24874,100,5,757
24884,100,5,757
24894,100,5,757
24904,100,5,757
24915,100,5,757
24925,100,5,757
24935,100,5,757
24946,90,4,760
24956,100,5,762
24967,100,5,762
24977,100,5,762
24987,100,5,762
24997,100,5,762
25008,100,5,762
25018,100,5,762
25028,100,5,762
25038,100,5,762
25049,100,5,762
25059,100,5,762
25069,100,5,762
25079,100,5,762
25089,100,5,762
25100,100,5,762
25110,100,5,762
25120,100,5,762
25130,100,5,762
25140,100,5,762
25151,100,5,766
25161,95,7,767
25171,95,7,767
25181,95,7,767
25191,95,7,767
25202,95,7,767
25212,95,7,767
25222,95,7,767
25232,95,7,767
25243,95,7,767
25253,95,7,767
25263,95,7,767
25273,95,7,767
25284,95,7,767
25294,95,7,767
25304,95,7,767
25314,95,7,767
25325,95,7,767
25335,95,7,767
25345,95,7,768
25355,95,7,774
25366,95,7,774
25376,95,7,774
25386,95,7,774
25396,95,7,774
25407,95,7,774
25417,95,7,774
25427,95,7,774
25438,95,7,774
25448,95,7,774
25458,95,7,774
25468,95,7,774
25479,95,7,774
25489,95,7,774
25499,95,7,774
25509,95,7,774
25520,95,7,774
25530,95,7,774
25540,95,7,774
25551,95,7,778
25561,95,7,781
25571,95,7,781
25582,95,7,781
25592,95,7,781
25602,95,7,781
25612,95,7,781
25622,95,7,781
25632,95,7,781
25643,95,7,781
25653,95,7,781
25663,95,7,781
25673,95,7,781
25684,95,7,781
25694,95,7,781
25704,95,7,781
25714,95,7,781
25725,95,7,781
25735,95,7,781
25745,95,7,781
25755,85,6,788
25766,95,7,788
25776,95,7,788
25786,95,7,788
25796,95,7,788
25807,95,7,788
25817,95,7,788
25827,95,7,788
25838,95,7,788
25848,95,7,788
25859,95,7,788
25869,95,7,788
25879,95,7,788
25890,95,7,788
25900,95,7,788
25910,95,7,788
25920,95,7,788
25931,95,7,788
25941,95,7,788
25951,95,7,790
25961,95,7,795
25971,95,7,795
25982,95,7,795
25992,95,7,795
26002,95,7,795
26013,95,7,795
26023,95,7,795
26034,95,7,795
26044,95,7,795
26055,95,7,795
26065,95,7,795
26075,95,7,795
26086,95,7,795
26096,95,7,795
26106,95,7,795
26116,95,7,795
26127,95,7,795
26137,95,7,795
26147,85,6,796
26157,65,4,801
26167,95,7,802
26177,95,7,802
26188,95,7,802
26198,95,7,802
26208,95,7,802
26218,95,7,802
26228,95,7,802
26238,95,7,802
26249,95,7,802
26259,95,7,802
26269,95,7,802
26279,95,7,802
26290,95,7,802
26300,95,7,802
26310,95,7,802
26321,95,7,802
26331,95,7,802
26341,95,7,802
26351,95,7,802
26362,85,6,809
26372,85,6,809
26382,85,6,809
26392,85,6,809
26402,85,6,809
26413,85,6,809
26423,85,6,809
26433,85,6,809
26443,85,6,809
26454,85,6,809
26464,85,6,809
26474,85,6,809
26484,85,6,809
26495,85,6,809
26505,85,6,809
26515,85,6,809
26525,85,6,809
26536,85,6,809
26546,85,6,809
26556,75,5,810
26567,100,5,815
26577,100,5,815
26587,100,5,815
26597,100,5,815
26608,100,5,815
26618,100,5,815
26630,100,5,815
26640,100,5,815
26653,100,5,815
26664,100,5,815
26675,100,5,815
26685,100,5,815
26695,100,5,815
26706,100,5,815
26716,100,5,815
26726,100,5,815
26736,100,5,815
26747,100,5,815
26757,100,5,815
26767,80,8,820
26777,80,8,820
26788,80,8,820
26798,80,8,820
26809,80,8,820
26819,80,8,820
26829,80,8,820
26839,80,8,820
26850,80,8,820
26860,80,8,820
26870,80,8,820
26880,80,8,820
26890,80,8,820
26901,80,8,820
26911,80,8,820
26921,80,8,820
26932,80,8,820
26942,80,8,820
26952,80,8,820
26963,70,7,825
26973,95,7,828
26983,95,7,828
26994,95,7,828
27004,95,7,828
27014,95,7,828
27025,95,7,828
27035,95,7,828
27046,95,7,828
27056,95,7,828
27066,95,7,828
27076,95,7,828
27086,95,7,828
27096,95,7,828
27107,95,7,828
27117,95,7,828
27127,95,7,828
27137,95,7,828
27147,95,7,828
27158,95,7,828
27168,80,8,835
27178,80,8,835
27188,80,8,835
27198,80,8,835
27208,80,8,835
27219,80,8,835
27229,80,8,835
27239,80,8,835
27249,80,8,835
27259,80,8,835
27270,80,8,835
27280,80,8,835
27290,80,8,835
27300,80,8,835
27310,80,8,835
27320,80,8,835
27331,80,8,835
27341,80,8,835
27351,80,8,835
27362,80,8,837
27372,80,8,843
27382,80,8,843
27392,80,8,843
27402,80,8,843
27412,80,8,843
27423,80,8,843
27433,80,8,843
27443,80,8,843
27454,80,8,843
27464,80,8,843
27474,80,8,843
27484,80,8,843
27495,80,8,843
27505,80,8,843
27515,80,8,843
27526,80,8,843
27536,80,8,843
27546,80,8,843
27556,80,8,843
27567,80,8,849
27577,95,7,851
27587,95,7,851
27597,95,7,851
27607,95,7,851
27618,95,7,851
27628,95,7,851
27638,95,7,851
27648,95,7,851
27659,95,7,851
27669,95,7,851
27679,95,7,851
27689,95,7,851
27700,95,7,851
27710,95,7,851
27720,95,7,851
27730,95,7,851
27741,95,7,851
27751,95,7,851
27761,95,7,852
27772,80,8,858
27782,80,8,858
27792,80,8,858
27802,80,8,858
27813,80,8,858
27823,80,8,858
27833,80,8,858
27843,80,8,858
27854,80,8,858
27864,80,8,858
27874,80,8,858
27884,80,8,858
27894,80,8,858
27905,80,8,858
27915,80,8,858
27925,80,8,858
27935,80,8,858
27945,80,8,858
27955,80,8,858
27966,85,6,863
27976,90,4,866
27986,90,4,866
27997,90,4,866
28007,90,4,866
28017,90,4,866
28028,90,4,866
28038,90,4,866
28048,90,4,866
28058,90,4,866
28068,90,4,866
28079,90,4,866
28089,90,4,866
28099,90,4,866
28109,90,4,866
28120,90,4,866
28130,90,4,866
28140,90,4,866
28150,90,4,866
28161,90,4,866
28171,75,5,870
28181,75,5,870
28191,75,5,870
28202,75,5,870
28212,75,5,870
28222,75,5,870
28233,75,5,870
28243,75,5,870
28253,75,5,870
28263,75,5,870
28274,75,5,870
28284,75,5,870
28294,75,5,870
28304,75,5,870
28315,75,5,870
28325,75,5,870
28335,75,5,870
28345,75,5,870
28355,75,5,870
28365,75,5,872
28376,100,5,875
28386,100,5,875
28396,100,5,875
28406,100,5,875
28416,100,5,875
28426,100,5,875
28437,100,5,875
28447,100,5,875
28457,100,5,875
28467,100,5,875
28478,100,5,875
28488,100,5,875
28498,100,5,875
28508,100,5,875
28519,100,5,875
28529,100,5,875
28539,100,5,875
28550,100,5,875
28560,100,5,875
28570,75,5,880
28580,75,5,880
28590,75,5,880
28601,75,5,880
28611,75,5,880
28621,75,5,880
28632,75,5,880
28642,75,5,880
28652,75,5,880
28663,75,5,880
28673,75,5,880
28685,75,5,880
28696,75,5,880
28707,75,5,880
28718,75,5,880
28728,75,5,880
28738,75,5,880
28748,75,5,880
28759,75,5,880
28769,90,4,884
28779,100,5,885
28789,100,5,885
28799,100,5,885
28810,100,5,885
28820,100,5,885
28830,100,5,885
28840,100,5,885
28851,100,5,885
28861,100,5,885
28871,100,5,885
28881,100,5,885
28892,100,5,885
28902,100,5,885
28912,100,5,885
28923,100,5,885
28933,100,5,885
28943,100,5,885
28953,100,5,885
28963,100,5,885
28974,90,4,890
28985,100,5,890
28995,100,5,890
29005,100,5,890
29015,100,5,890
29026,100,5,890
29036,100,5,890
29046,100,5,890
29056,100,5,890
29067,100,5,890
29077,100,5,890
29087,100,5,890
29097,100,5,890
29108,100,5,890
29118,100,5,890
29128,100,5,890
29138,100,5,890
29149,100,5,890
29159,100,5,890
29169,85,6,891
29179,85,6,895
29190,85,6,895
29200,85,6,895
29210,85,6,895
29220,85,6,895
29231,85,6,895
29241,85,6,895
29251,85,6,895
29261,85,6,895
29271,85,6,895
29282,85,6,895
29292,85,6,895
29302,85,6,895
29312,85,6,895
29323,85,6,895
29333,85,6,895
29343,85,6,895
29353,85,6,895
29364,85,6,895
29374,100,5,899
29384,100,5,901
29394,100,5,901
29405,100,5,901
29415,100,5,901
29426,100,5,901
29436,100,5,901
29446,100,5,901
29456,100,5,901
29466,100,5,901
29477,100,5,901
29487,100,5,901
29497,100,5,901
29507,100,5,901
29517,100,5,901
29528,100,5,901
29538,100,5,901
29548,100,5,901
29559,100,5,901
29569,100,5,901
29579,100,5,906
29590,100,5,906
29600,100,5,906
29610,100,5,906
29621,100,5,906
29631,100,5,906
29641,100,5,906
29651,100,5,906
29662,100,5,906
29672,100,5,906
29682,100,5,906
29693,100,5,906
29703,100,5,906
29713,100,5,906
29723,100,5,906
29734,100,5,906
29744,100,5,906
29755,100,5,906
29765,100,5,906
29775,80,3,909
29785,70,2,911
29795,70,2,911
29806,70,2,911
29816,70,2,911
29826,70,2,911
29837,70,2,911
29847,70,2,911
29857,70,2,911
29867,70,2,911
29877,70,2,911
29888,70,2,911
29898,70,2,911
29908,70,2,911
29919,70,2,911
29929,70,2,911
29939,70,2,911
29949,70,2,911
29959,70,2,911
29969,70,2,911
29980,75,5,913
29990,95,7,913
30000,95,7,913
30010,95,7,913
30021,95,7,913
30031,95,7,913
30041,95,7,913
30051,95,7,913
30062,95,7,913
30072,95,7,913
30082,95,7,913
30092,95,7,913
30102,95,7,913
30113,95,7,913
30123,95,7,913
30133,95,7,913
30144,95,7,913
30154,95,7,913
30164,95,7,913
30174,95,7,913
30185,95,7,920
30195,95,7,920
30205,95,7,920
30216,95,7,920
30226,95,7,920
30236,95,7,920
30246,95,7,920
30257,95,7,920
30267,95,7,920
30277,95,7,920
30288,95,7,920
30298,95,7,920
30308,95,7,920
30318,95,7,920
30329,95,7,920
30339,95,7,920
30349,95,7,920
30359,95,7,920
30370,95,7,920
30380,60,6,925
30390,70,7,927
30400,70,7,927
30411,70,7,927
30421,70,7,927
30431,70,7,927
30441,70,7,927
30451,70,7,927
30462,70,7,927
30472,70,7,927
30482,70,7,927
30493,70,7,927
30503,70,7,927
30513,70,7,927
30523,70,7,927
30534,70,7,927
30544,70,7,927
30554,70,7,927
30564,70,7,927
30575,70,7,927
30585,90,4,934
30595,90,4,934
30605,90,4,934
30615,90,4,934
30625,90,4,934
30636,90,4,934
30646,90,4,934
30657,90,4,934
30667,90,4,934
30677,90,4,934
30687,90,4,934
30697,90,4,934
30708,90,4,934
30719,90,4,934
30731,90,4,934
30741,90,4,934
30751,90,4,934
30761,90,4,934
30773,90,4,934
30783,100,5,938
30794,100,5,938
30804,100,5,938
30814,100,5,938
30825,100,5,938
30835,100,5,938
30845,100,5,938
30855,100,5,938
30866,100,5,938
30876,100,5,938
30886,100,5,938
30896,100,5,938
30906,100,5,938
30916,100,5,938
30927,100,5,938
30937,100,5,938
30947,100,5,938
30958,100,5,938
30968,100,5,938
30978,90,4,940
30989,100,5,943
31000,100,5,943
31010,100,5,943
31022,100,5,943
31032,100,5,943
31043,100,5,943
31053,100,5,943
31063,100,5,943
31074,100,5,943
31084,100,5,943
31095,100,5,943
31105,100,5,943
31115,100,5,943
31125,100,5,943
31135,100,5,943
31146,100,5,943
31156,100,5,943
31166,100,5,943
31177,100,5,943
31187,95,7,948
31197,95,7,948
31207,95,7,948
31217,95,7,948
31228,95,7,948
31238,95,7,948
31248,95,7,948
31258,95,7,948
31268,95,7,948
31278,95,7,948
31289,95,7,948
31299,95,7,948
31309,95,7,948
31319,95,7,948
31330,95,7,948
31340,95,7,948
31350,95,7,948
31360,95,7,948
31370,95,7,948
31380,65,4,951
31391,75,5,955
31401,75,5,955
31411,75,5,955
31421,75,5,955
31431,75,5,955
31441,75,5,955
31452,75,5,955
31462,75,5,955
31472,75,5,955
31482,75,5,955
31493,75,5,955
31503,75,5,955
31513,75,5,955
31524,75,5,955
31534,75,5,955
31544,75,5,955
31555,75,5,955
31565,75,5,955
31575,75,5,955
31586,80,3,960
31596,80,3,960
31606,80,3,960
31616,80,3,960
31626,80,3,960
31637,80,3,960
31647,80,3,960
31657,80,3,960
31667,80,3,960
31678,80,3,960
31688,80,3,960
31698,80,3,960
31708,80,3,960
31718,80,3,960
31728,80,3,960
31739,80,3,960
31749,80,3,960
31759,80,3,960
31769,80,3,960
31780,80,3,960
31790,95,7,963
31800,95,7,963
31812,95,7,963
31822,95,7,963
31832,95,7,963
31843,95,7,963
31853,95,7,963
31863,95,7,963
31873,95,7,963
31884,95,7,963
31894,95,7,963
31904,95,7,963
31915,95,7,963
31925,95,7,963
31935,95,7,963
31945,95,7,963
31955,95,7,963
31966,95,7,963
31976,95,7,963
31987,95,7,967
31997,85,6,970
32007,85,6,970
32018,85,6,970
32028,85,6,970
32039,85,6,970
32049,85,6,970
32060,85,6,970
32070,85,6,970
32080,85,6,970
32090,85,6,970
32100,85,6,970
32111,85,6,970
32121,85,6,970
32131,85,6,970
32142,85,6,970
32152,85,6,970
32162,85,6,970
32173,85,6,970
32183,85,6,970
32193,100,5,976
32204,100,5,976
32214,100,5,976
32224,100,5,976
32234,100,5,976
32245,100,5,976
32256,100,5,976
32266,100,5,976
32277,100,5,976
32287,100,5,976
32297,100,5,976
32308,100,5,976
32319,100,5,976
32329,100,5,976
32340,100,5,976
32350,100,5,976
32361,100,5,976
32372,100,5,976
32383,100,5,976
32393,70,7,981
32403,80,8,981
32413,80,8,981
32423,80,8,981
32433,80,8,981
32444,80,8,981
32454,80,8,981
32464,80,8,981
32475,80,8,981
32485,80,8,981
32495,80,8,981
32506,80,8,981
32516,80,8,981
32526,80,8,981
32537,80,8,981
32547,80,8,981
32557,80,8,981
32568,80,8,981
32578,80,8,981
32589,70,7,984
32599,75,5,989
32609,75,5,989
32620,75,5,989
32630,75,5,989
32640,75,5,989
32650,75,5,989
32660,75,5,989
32671,75,5,989
32681,75,5,989
32691,75,5,989
32701,75,5,989
32712,75,5,989
32722,75,5,989
32732,75,5,989
32742,75,5,989
32753,75,5,989
32763,75,5,989
32773,75,5,989
32785,75,5,989
32795,100,5,994
32805,100,5,994
32818,100,5,994
32828,100,5,994
32838,100,5,994
32848,100,5,994
32859,100,5,994
32869,100,5,994
32880,100,5,994
32890,100,5,994
32901,100,5,994
32911,100,5,994
32921,100,5,994
32932,100,5,994
32942,100,5,994
32952,100,5,994
32963,100,5,994
32973,100,5,994
32983,100,5,994
32993,45,2,998
33003,10,1,999
33014,10,1,999
33024,10,1,999
33034,10,1,999
33044,10,1,999
33055,10,1,999
33065,10,1,999
33075,10,1,999
33085,10,1,999
33095,10,1,999
33106,10,1,999
33116,10,1,999
33126,10,1,999
33136,10,1,999
33147,10,1,999
33157,10,1,999
33167,10,1,999
33177,10,1,999
33188,10,1,999
33198,0,0,1000
